AREA,TAG,DIAMETER,CALC_NOTES,PID,ISO,STRESS,SUPPORT
30RK1,30RK1-1-OX-00106-36022-01,25,unset,0,30,0,0
30RK1,30RK1-2-CH4-00103-11001-01,50,unset,50,30,0,0
30RK1,30RK1-8-LPS-601XX-11261-H-01,200,unset,50,60,0,0
30RK1,30RK1-10-MPS-00210-31261-H-01,250,unset,50,60,0,0
30RK1,30RK1-10-MPS-60313-31261-H-01,250,unset,50,60,0,0
30RK1,30RK1-18-MPS-90201-11261-H-01,450,unset,50,60,0,0
30RK1,30RK1-10-LPS-90212-11261-H-01,250,unset,50,60,0,0
30RK1,30RK1-6-BFW-00203-61261-H-01,150,unset,50,60,0,0
30RK1,30RK1-4-DMW-00204-13081-01,100,unset,50,60,0,0
30RK1,30RK1-6-HPS-00208-91261-H-01,150,unset,50,60,0,0
30RK1,30RK1-14-CHS-60217-11001-C-01,350,unset,50,60,0,0
30RK1,30RK1-12-CHR-60230-11001-C-01,350,unset,50,60,0,0
30RK1,30RK1-2-LPC-60176-11011-W,50,unset,50,30,0,0
30RK1,30RK1-12-CWS-60414-17130-01,300,unset,50,60,0,0
30RK1,30RK1-12-CWR-60241-17130-01,300,unset,50,60,0,0
30RK1,30RK1-10-MPS-00107-11261-H-01,250,unset,50,60,0,0
30RK1,30RK1-2-MPC-00113-11011-H-01,100,unset,50,30,0,0
30RK1,30RK1-2-BFW-60152-61261-H-01,50,unset,50,30,0,0
30RK1,30RK1-4-EO-30210-13085-FX-01,100,unset,50,60,0,0
30RK1,30RK1-10-EO-30114-13085-FX-01,250,unset,50,30,0,0
30RK1,30RK1-20-P-20218-31042-H-01,500,unset,50,60,0,0
30RK1,30RK1-6-ETH-10134-33081-D-01,150,unset,50,60,0,0
30RK1,30RK1-2-P-xxxxx-13085-FX-01,50,unset,50,30,0,0
30RK1,30RK1-6-ETH-10111-33081-D-01,150,unset,50,60,0,0
30RK1,30RK1-3-RW-00112-11001-01,80,unset,50,30,0,0
30RK1,30RK1-4-P-30418-31011-H-01,100,unset,50,60,0,0
30RK1,30RK1-2-W-00206-11001-01,50,unset,50,60,0,0
30RK1,30RK1-3-IA-00205-13081,80,unset,50,30,0,0
30RK1,30RK1-10-FV-60901-11002KS-01,200,unset,50,60,0,0
30RK1,30RK1-3-P-20403-31042-H-01,50,unset,50,30,0,0
30RK1,30RK1-4-LPC-60122-11011-H-01,100,unset,50,60,0,0
30RK1,30RK1-4-LPC-60202-11011-H-01,100,unset,50,60,0,0
30RK1,30RK1-0.75-CA-00215-31008-H-01,20,unset,50,30,0,0
30RK1,30RK1-0.75-CA-00213-31008-H-01,20,unset,50,30,0,0
30RK1,30RK1-0.75-CA-00214-31008-H-01,20,unset,50,30,0,0
30RK1,30RK1-0.75-CA-00201-31008-H-01,20,unset,50,30,0,0
30RK1,30RK1-6-P-30308-33086-FX,150,unset,50,60,0,0
30RK1,30RK1-4-LPS-90219-11261-H-01,100,unset,50,60,0,0
30RK1,30RK1-4-P-20301-13081-H,100,unset,50,30,0,0
30RK1,30RK1-4-NIM-00202-31011-01,100,unset,50,60,0,0
30RK1,30RK1-6-ETH-00108-33081-01,150,unset,50,60,0,0
30RK1,30RK1-4-P-50601-11042-H-01,100,unset,50,60,0,0
30RK1,30RK1-1-1-2-P-10703-33086-IT,50,unset,50,30,0,0
30RK1,30RK1-2-P-20212-31042-H,100,unset,50,30,0,0
30RK1,30RK1-2-P-50608-11042-H-01,50,unset,50,30,0,0
30RK1,30RK1-3-P-30410-13081-H-01,80,unset,50,60,0,0
30RK1,30RK1-4-P-20209-31042-H-01,100,unset,50,60,0,0
30RK1,30RK1-2-CH4-10123-11001,50,unset,50,30,0,0
30RK1,30RK1-1-P-20625-33081-FX,25,unset,50,30,0,0
30RK1,30RK1-18-CWR-60417-17130-01,450,unset,50,60,0,0
30RK1,30RK1-18-CWS-60416-17130-01,450,unset,50,60,0,0
30RK1,30RK1-8-LPC-10608-11011-H-01,200,unset,50,60,0,0
30RK1,30RK1-12-P-20404-13081-P-01,300,unset,50,60,0,0
30RK1,30RK1-4-NIL-60501-11011-01,100,unset,50,60,0,0
30RK1,30RK1-10-MPC-90302-11011-H-01,250,unset,50,60,0,0
30RK1,30RK1-2”-BFW-60155-61261-WFX,50,unset,50,30,0,0
30RK1,30RK1-2-HEG-50815-13451-IT-01,50,unset,50,30,0,0
30RK1,30RK1-2-LPC-60211-11011-H-01,50,unset,50,30,0,0
30RK1,30RK1-6-CHS-60248-11001-C-01,150,unset,50,60,0,0
30RK1,30RK1-8-HPS-90104-31261-H-01,200,unset,50,60,0,0
30RK1,30RK1-8-HPS-90101-31261-H-01,200,unset,50,60,0,0
30RK1,30RK1-10-MPS-60317-11261-H-01,250,unset,50,60,0,0
30RK1,30RK1-10-MPS-60312-11261-H-01,250,unset,50,60,0,0
30RK1,30RK1-8-LPS-60115-11261-H-01,200,unset,50,60,0,0
30RK1,30RK1-6-OX-00101-33081-01,150,unset,50,60,0,0
30RK1,30RK1-10-MPS-04524-31261-H-01,150,unset,50,30,0,0
30RK1,30RK1-8-HPS-04522-31261-H-01,200,unset,50,30,0,0
30RK1,30RK1-4-DMW-04514-13081-01,100,unset,50,30,0,0
30RK1,30RK1-6-ETH-04528-33081-01,150,unset,50,30,0,0
30RK1,30RK1-2-CH4-04527-11001-01,50,unset,50,30,0,0
30RK1,30RK1-10-MPS-60310-11261-H-01,250,unset,50,60,0,0
30RK1,30RK1-2-NIH-04526-61011-01,50,unset,50,30,0,0
30RK1,30RK1-3-IA-04510-13081,80,unset,50,30,0,0
30RK1,30RK1-2-HEG-04508-13451-IT-01,50,unset,50,30,0,0
30RK1,30RK1-2-P-04506-13085-FX-01,50,unset,50,30,0,0
30RK1,30RK1-12-P-04503-13081-P-01,300,unset,50,30,0,0
30RK1,30RK1-4-LPC-04519-11011-H-01,100,unset,50,30,0,0
30RK1,30RK1-2-P-20934-13086-H-01,50,unset,50,30,0,0
30RK1,30RK1-2-P-04513-13086-H-01,50,unset,50,30,0,0
30RK1,30RK1-6-ETH-00102-33081-D-01,150,unset,50,60,0,0
30RK1,30RK1-30-MPS-60311-11261-P-01,750,unset,50,60,0,0
30RK1,30RK1-6-HPS-04530-91261-H-01,150,unset,50,30,0,0
30RK1,30RK1-2-P-04531-11042-H-01,50,unset,50,30,0,0
30RK1,30RK1-10-FV-04517-11002KS-01,250,unset,50,30,0,0
30RK1,30RK1-2-EO-HOLD-13085-FX-01,50,unset,50,30,0,0
30RK1,30RK1-2-EO-0407-13085-FX-01,50,unset,50,30,0,0
30RK1,30RK1-2-P-20223-11042-H-01,50,unset,50,60,0,0
30RK1,30RK1-2-WW-20407-13081-01,150,unset,50,30,0,0
30RK1,30RK1-1-EH-00109-13081-01,25,unset,0,30,0,0
30RK1,30RK1-1-CH4-00104-11001-01,25,unset,0,30,0,0
30RK1,30RK1-2-NIH-00211-61011-01,50,unset,50,30,0,0
30A11,30A11-10-P-20602-33081-01,250,unset,50,60,0,0
30A11,30A11-30-P-20608-33086-H-01,900,unset,50,60,0,0
30A11,30A11-10-P-20605-33081-01,250,unset,50,60,0,0
30A11,30A11-10-P-20704-33081-01,250,unset,50,60,0,0
30A11,30A11-10-CWS-60405-17130-01,250,unset,50,30,0,0
30A11,30A11-10-CWR-20716-17130-01,250,unset,50,30,0,0
30A11,30A11-10-CWR-21020-17130-01,250,unset,50,30,0,0
30A11,30A11-36-P-20201-31042-IT-01,900,unset,50,60,0,0
30A11,30A11-10-CWS-60407-17130-01,250,unset,50,30,0,0
30A11,30A11-4-P-20209-31042-H-01,100,unset,50,60,0,0
30A11,30A11-6-P-20607-31042-01,150,unset,50,60,0,0
30A11,30A11-6-P-20613-31042-01,150,unset,50,60,0,0
30A11,30A11-8-P-20614-11001-01,200,unset,50,60,0,0
30A11,30A11-8-P-20609-11001-01,200,unset,50,60,0,0
30A11,30A11-4-NIL-60501-11001-01,100,unset,50,60,0,0
30A11,30A11-4-NIM-00202-31011,100,unset,50,30,0,0
30A11,30A11-16-P-20604-33086-01,400,unset,50,60,0,0
30A11,30A11-1.5-P-20617-33081-01,40,unset,50,60,0,0
30A11,30A11-36-P-20202-31042-H-01,900,unset,50,60,0,0
30A11,30A11-4-P-20225-31042-H-01,100,unset,50,60,0,0
30A11,30A11-3-P-20219-31042-H-01,80,unset,50,30,0,0
30A11,30A11-2-P-20220-31042-H-01,50,unset,50,30,0,0
30A11,30A11-2-P-20223-11042-H-01,50,unset,50,60,0,0
30A11,30A11-3-P-20207-31042-H-01,80,unset,50,30,0,0
30A11,30A11-2-P-20208-31042-H-01,50,unset,50,30,0,0
30A11,30A11-2-P-20205-33086-IT-01,50,unset,50,30,0,0
30A11,30A11-1.5-P-20216-31042-H,40,unset,50,30,0,0
30A11,30A11-12-P-20610-33081-01,300,unset,50,60,0,0
30A11,30A11-16-P-20603-33086-01,400,unset,50,60,0,0
30A11,30A11-16-P-20801-33086-01,400,unset,50,60,0,0
30A11,30A11-16-P-20616-33086-01,400,unset,50,60,0,0
30A11,30A11-10-CWR-21031-13999-01,250,unset,50,60,0,0
30A11,30A11-10-CWS-21030-13999-01,250,unset,50,60,0,0
30A11,30A11-1.5-CWR-21003-11001-01,40,unset,0,30,0,0
30A11,30A11-10-CWS-20730-33999-01,250,unset,50,60,0,0
30A11,30A11-10-CWR-20726-33999-01,250,unset,50,60,0,0
30A11,30A11-12-P-20619-33081-01,350,unset,50,60,0,0
30A11,30A11-12-P-20620-33081-01,300,unset,50,60,0,0
30A11,30A11-14-P-20701-33086-01,350,unset,50,60,0,0
30A11,30A11-14-P-20707-33086-01,300,unset,50,60,0,0
30A11,30A11-14-P-20708-33086-01,350,unset,50,60,0,0
30A11,30A11-3-P-20204-31042-IT-01,80,unset,50,60,0,0
30A11,30A11-10-P-20206-33086-IT-01,250,unset,50,60,0,0
30A11,30A11-6-P-30308-33086-FX-01,0,unset,50,60,0,0
30A11,30A11-12-P-20611-33081-01,350,unset,50,60,0,0
30A12,30A12-2-P-21029-13451-01,50,unset,50,60,0,0
30A12,30A12-20-P-20926-13086-H-01,500,unset,50,60,0,0
30A12,30A12-1-DMW-60702-13081-01,25,unset,50,60,0,0
30A12,30A12-24-CWR-20713-13999-01,600,unset,0,30,0,0
30A12,30A12-36-CWR-60402-17130-01,900,unset,50,60,0,0
30A12,30A12-12-CWS-20727-13999-01,300,unset,0,30,0,0
30A12,30A12-36-CWS-00207-17130-01,900,unset,50,60,0,0
30A12,30A12-24-CWS-60406-17130-01,600,unset,0,30,0,0
30A12,30A12-8-P-20728-33086-01,200,unset,50,60,0,0
30A12,30A12-1.5-P-20913-13086-H-01,40,unset,50,60,0,0
30A12,30A12-24-CWS-20711-13999-01,600,unset,50,30,0,0
30A12,30A12-24-CWR-20717-17130-01,600,unset,50,30,0,0
30A12,30A12-2-P-21006-13081-P-01,50,unset,50,60,0,0
30A12,30A12-12-CWR-20731-13999-01,300,unset,50,60,0,0
30A12,30A12-14-P-20823-33086-H-01,400,unset,50,60,0,0
30A12,30A12-2-P-20911-13086-H-01,0,unset,50,60,0,0
30A12,30A12-2-P-20921-13086-H-01,50,unset,50,60,0,0
30A12,30A12-2-HEG-21026-13451-IT-01,50,unset,50,60,0,0
30A12,30A12-2-HEG-21027-13451-IT-01,50,unset,50,60,0,0
30A12,30A12-14-P-20701-33086-01,350,unset,50,60,0,0
30A12,30A12-12-P-20307-13081-H-01,300,unset,50,60,0,0
30A12,30A12-30-P-20104-33086-H-01,750,unset,50,60,0,0
30A12,30A12-6-MPS-90205-11261-H-01,100,unset,50,60,0,0
30A12,30A12-6-P-20810-13081-H-01,150,unset,50,60,0,0
30A12,30A12-4-P-20809-33086-H-01,100,unset,50,60,0,0
30A12,30A12-6-LPS-HOLD-13086-H-01,150,unset,50,60,0,0
30A12,30A12-6-LPS-90213-11261-H-01,150,unset,50,60,0,0
30A12,30A12-3-CAB-20318-31042-IT,80,unset,50,30,0,0
30A12,30A12-4-PC-20122-33081-H-01,200,unset,50,60,0,0
30A12,30A12-4-PC-20117-13081-H-01,200,unset,50,60,0,0
30A12,30A12-4-P-20328-13081-H-01,100,unset,50,60,0,0
30A12,30A12-4-PC-20329-13081-H-01,100,unset,50,60,0,0
30A12,30A12-2-CH4-10122-11001-01,50,unset,50,60,0,0
30A12,30A12-2-PC-20115-33081-01,100,unset,50,60,0,0
30A12,30A12-30-P-20101-31042-H-01,750,unset,50,60,0,0
30A12,30A12-2-P-20306-13081-H-01,50,unset,50,60,0,0
30A12,30A12-2-DMW-60703-13081-01,50,unset,50,30,0,0
30A12,30A12-4-P-20925-13086-H-01,100,unset,50,60,0,0
30A12,30A12-30-P-20102-33086-P-01,750,unset,50,60,0,0
30A12,30A12-12-MPS-90207-11261-H-01,300,unset,50,60,0,0
30A12,30A12-8-MPC-20928-11011-H-01,200,unset,50,60,0,0
30A12,30A12-10-P-20303-13081-H-01,250,unset,50,60,0,0
30A12,30A12-12-P-20325-11001-P-01,300,unset,50,60,0,0
30A12,30A12-12-P-20324-11001-P-01,300,unset,50,60,0,0
30A12,30A12-18-P-20308-13081-P-01,450,unset,50,60,0,0
30A12,30A12-2-P-21002-13451-H-01,50,unset,50,60,0,0
30A12,30A12-1.5-CAB-20131-31008-01,250,unset,50,60,0,0
30A12,30A12-14-P-20811-33086-H-01,350,unset,50,60,0,0
30A12,30A12-2-P-20113-33086-P-01,50,unset,50,60,0,0
30A12,30A12-4-P-20118-11001-P-01,100,unset,50,60,0,0
30A12,30A12-3-P-20138-33086-H-01,80,unset,50,30,0,0
30A12,30A12-16-CAB-20111-31008-H-01,400,unset,50,60,0,0
30A12,30A12-1-CAB-20119-31008-01,25,unset,50,60,0,0
30A12,30A12-10-CAB-20107-31008-H-01,250,unset,50,60,0,0
30A12,30A12-4-P-21018-13451-H-01,100,unset,50,60,0,0
30A12,30A12-3-MPC-21019-11011-H-01,80,unset,50,30,0,0
30A12,30A12-10-P-20812-33081-H-01,200,unset,50,60,0,0
30A12,30A12-10-EO-20940-13085-FX-01,250,unset,50,60,0,0
30A12,30A12-10-EO-20941-13085-FX-01,250,unset,50,60,0,0
30A12,30A12-12-P-20918-11001-P-01,300,unset,50,60,0,0
30A12,30A12-12-P-20917-11001-P-01,300,unset,50,60,0,0
30A12,30A12-10-P-20341-13081-H-01,250,unset,50,60,0,0
30A12,30A12-10-P-20305-13081-H-01,250,unset,50,60,0,0
30A12,30A12-4-P-20133-11001-P-01,100,unset,50,60,0,0
30A12,30A12-10-CAB-20116-31008-H-01,400,unset,50,60,0,0
30A12,30A12-6-P-20304-13081-P-01,150,unset,50,60,0,0
30A12,30A12-6-P-20309-13081-P-01,150,unset,50,60,0,0
30A12,30A12-8-P-20338-11001-P-01,150,unset,50,60,0,0
30A12,30A12-8-P-20326-11001-P-01,200,unset,50,60,0,0
30A12,30A12-2-HEG-21009-13451-IT-01,50,unset,50,30,0,0
30A12,30A12-2-HEG-21008-13451-IT-01,50,unset,50,30,0,0
30A12,30A12-2-HEG-21010-13451-IT-01,50,unset,50,30,0,0
30A12,30A12-1.5-HEG-21015-13451-IT-01,40,unset,50,30,0,0
30A12,30A12-2-EO-20938-13085-FX-01,50,unset,50,60,0,0
30A12,30A12-2-P-20909-13086-H-01,50,unset,50,60,0,0
30A12,30A12-2-PC-20332-130813-01,50,unset,50,60,0,0
30A12,30A12-8-P-20349-13081-P-01,200,unset,50,60,0,0
30A12,30A12-16-P-20803-33086-01,400,unset,50,60,0,0
30A12,30A12-16-P-20804-33086-01,400,unset,50,60,0,0
30A12,30A12-2-P-20612-33081-H-01,50,unset,50,30,0,0
30A12,30A12-12-CAB-20335-31042-IT-01,300,unset,50,60,0,0
30A12,30A12-12-CWS-20135-33999-01,300,unset,50,60,0,0
30A12,30A12-8-MPS-20331-11261-H-01,100,unset,50,60,0,0
30A12,30A12-14-P-21028-13451-P-01,350,unset,50,60,0,0
30A12,30A12-8-P-20729-33086-01,200,unset,50,60,0,0
30A12,30A12-2-P-20132-33086-P-01,50,unset,50,60,0,0
30A12,30A12-8-P-20805-33086-H-01,350,unset,50,60,0,0
30A12,30A12-30-P-20919-13086-01,0,unset,50,60,0,0
30A12,30A12-8-P-20354-11001-P-01,200,unset,50,60,0,0
30A12,30A12-4-P-20350-13081-H-01,100,unset,50,60,0,0
30A12,30A12-24-EO-20901-13085-FX-01,600,unset,50,60,0,0
30A12,30A12-12-P-20302-11042-H-01,300,unset,50,60,0,0
30A12,30A12-20-P-20936-13086-H-01,500,unset,50,60,0,0
30A12,30A12-4-PC-20134-33081-H-01,100,unset,0,60,0,0
30A12,30A12-30-P-20103-33086-01,750,unset,50,60,0,0
30A12,30A12-1.5-HEG-21012-13451-IT-01,40,unset,0,30,0,0
30A12,30A12-0.75-CA-00214-31008-01,20,unset,0,60,0,0
30A13,30A13-4-P-30406-33081-H-01,100,unset,50,60,0,0
30A13,30A13-14-P-20823-33086-H-01,350,unset,50,60,0,0
30A13,30A13-20-P-20825-33086-H-01,500,unset,50,60,0,0
30A13,30A13-20-P-20822-13086-H-01,500,unset,50,60,0,0
30A13,30A13-20-P-20826-33086-H-01,500,unset,50,60,0,0
30A13,30A13-20-P-20905-13086-H-01,600,unset,50,60,0,0
30A13,30A13-8-P-30408-13081-H-01,200,unset,50,60,0,0
30A13,30A13-14-P-20824-33086-H-01,350,unset,50,60,0,0
30A13,30A13-4-MPS-90210-11261-H-01,100,unset,50,60,0,0
30A13,30A13-8-CWR-50629-13999-01,200,unset,50,60,0,0
30A13,30A13-8-CWS-60411-13999-01,200,unset,50,60,0,0
30A13,30A13-4-P-50640-11042-H-01,100,unset,50,60,0,0
30A13,30A13-1-NIL-60507-11001-01,25,unset,50,60,0,0
30A13,30A13-4-P-20209-31042-H-01,100,unset,50,60,0,0
30A13,30A13-4-P-20328-13081-H-01,100,unset,50,60,0,0
30A13,30A13-4-P-20301-13081-H-01,100,unset,50,60,0,0
30A13,30A13-4-P-30417-13081-IE-01,100,unset,50,60,0,0
30A13,30A13-8-P-30405-13081-IT-01,200,unset,50,60,0,0
30A13,30A13-4-P-30435-11001-01,100,unset,50,60,0,0
30A13,30A13-4-P-30418-31011-H-01,100,unset,50,60,0,0
30A13,30A13-6-CWR-30426-13999-01,150,unset,50,60,0,0
30A13,30A13-6-CWS-60410-13999-01,150,unset,50,60,0,0
30A13,30A14-4-P-30427-13081-P-01,100,unset,50,60,0,0
30A13,30A14-4-P-30415-13081-P-01,100,unset,50,60,0,0
30A13,30A13-8-P-30403-13081-H-01,200,unset,50,60,0,0
30A13,30A13-1.5-P-20914-13086-H-01,100,unset,50,60,0,0
30A13,20A13-6-P-20915-13086-H-01,150,unset,50,60,0,0
30A13,30A14-6-P-30416-11001-P-01,150,unset,50,60,0,0
30A13,30A14-6-P-30428-11001-P-01,150,unset,50,60,0,0
30A14,30A14-10-LPS-60114-11261-H-01,250,unset,50,60,0,0
30A14,30A14-10-LPS-60177-11251-P-01,250,unset,50,60,0,0
30A14,30A14-6-HPS-00208-91261-H-01,150,unset,50,60,0,0
30A14,30A14-8-HPS-10534-61261-H-01,200,unset,50,60,0,0
30A14,30A14-12-CWS-60414-17130-01,300,unset,50,60,0,0
30A14,30A14-12-CWR-60241-17130-01,300,unset,50,60,0,0
30A14,30A14-8-LPS-601XX-11261-H-01,200,unset,50,60,0,0
30A14,30A14-10-EO-30114-13085-FX-01,250,unset,50,60,0,0
30A14,30A14-4-P-30301-13081-H-01,100,unset,50,60,0,0
30A14,30A14-14-P-20402-13081-P-01,350,unset,50,60,0,0
30A14,30A14-3-WW-20405-13081-01,80,unset,50,60,0,0
30A14,30A14-2-WW-20415-13081-01,50,unset,50,60,0,0
30A14,30A14-2-WW-20408-13081-01,50,unset,50,60,0,0
30A14,30A14-3-WW-20419-13081-01,80,unset,50,60,0,0
30A14,30A14-2-WW-20409-13081-01,50,unset,50,60,0,0
30A14,30A14-2-WW-50805-13081,50,unset,50,30,0,0
30A14,30A14-2-WW-20414-13081-01,50,unset,50,60,0,0
30A14,30A14-12-P-20404-13081-P-01,300,unset,50,60,0,0
30A14,30A14-18-EO-30103-13085-CX-01,450,unset,50,60,0,0
30A14,30A14-6-EO-30104-13085-FX-01,150,unset,50,60,0,0
30A14,30A14-4-EO-30108-13085-FX-01,100,unset,50,60,0,0
30A14,30A14-6-EO-30107-13085-FX-01,150,unset,50,60,0,0
30A14,30A14-4-EO-30105-13085-FX-01,100,unset,50,60,0,0
30A14,30A14-20-EO-30102-13085-FX-01,0,unset,50,60,0,0
30A14,30A14-4-EO-30133-13085-FX-01,100,unset,50,60,0,0
30A14,30A14-24-EO-30101-13085-FX-01,600,unset,50,60,0,0
30A14,30A14-4-EO-30134-13085-FX-01,100,unset,50,60,0,0
30A14,30A14-4-EO-30109-13085-FX-01,100,unset,50,60,0,0
30A14,30A14-10-HPS-10507-61261-H-01,250,unset,50,60,0,0
30A14,30A14-4-EO-30106-13085-FX-01,100,unset,50,60,0,0
30A14,30A14-6-EO-30204-13085-FX-01,150,unset,50,60,0,0
30A14,30A14-6-EO-30208-13085-FX-01,150,unset,50,60,0,0
30A14,30A14-4-EO-30207-13085-FX-01,100,unset,50,60,0,0
30A14,30A14-8-HPS-10508-31261-H-01,200,unset,50,60,0,0
30A14,30A14-18-HOLD-30A14-001,450,unset,50,30,0,0
30A14,30A14-4-EO-30209-13085-FX-01,100,unset,50,60,0,0
30A14,30A14-4-EO-30213-13085-FX-01,100,unset,50,60,0,0
30A14,30A14-8-EO-30214-13085-FX-01,200,unset,50,60,0,0
30A14,30A14-4-EO-30212-13085-FX-01,100,unset,50,60,0,0
30A14,30A14-4-EO-30210-13085-FX-01,100,unset,50,60,0,0
30A14,30A14-8-CWR-30130-13999,200,unset,50,30,0,0
30A14,30A14-2-CWR-10530-13999-01,50,unset,50,60,0,0
30A14,30A14-4-CWR-10533-11001-01,100,unset,50,60,0,0
30A14,30A14-4-P-50633-11042-H-01,100,unset,50,60,0,0
30A14,30A14-6-EO-30228-13085-FX-01,150,unset,50,60,0,0
30A14,30A14-18-CHR-60215-11001-C-01,400,unset,50,60,0,0
30A14,30A14-18-CHR-60201-11001-C-01,450,unset,50,60,0,0
30A14,30A14-6-HPS-10504-61261-H-01,150,unset,50,60,0,0
30A14,30A14-3-LPC-60179-11011-H,80,unset,50,30,0,0
30A14,30A14-3-LPC-60170-11011-H-01,80,unset,50,60,0,0
30A14,30A14-10-MPC-90302-11011-H-01,250,unset,50,60,0,0
30A14,30A14-14-P-30215-33086-01,350,unset,0,60,0,0
30A14,30A14-14-P-20811-33086-H-01,350,unset,50,60,0,0
30A14,30A14-6-HPC-10509-61011-H-01,150,unset,50,60,0,0
30A14,30A14-10-HPS-10524-11001-P-01,250,unset,50,60,0,0
30A14,30A14-2-HPC-10510-61011-H-01,50,unset,50,60,0,0
30A14,30A14-8-LPS-60216-11261-H-01,200,unset,0,60,0,0
30A14,30A14-2-HPS-10521-61261-H-01,50,unset,0,60,0,0
30A14,30A14-2-HPC-10512-31011-H-01,50,unset,50,60,0,0
30A14,30A14-4-EO-30137-13085-FX-01,100,unset,0,60,0,0
30A14,30A14-8-CHR-30118-11001-C-01,200,unset,50,60,0,0
30A14,30A14-6-HPS-10627-61261-H-01,150,unset,0,60,0,0
30A14,30A14-6-P-30311-13081-H-01,150,unset,0,60,0,0
30A14,30A14-8-P-30312-11001-P-01,200,unset,0,60,0,0
30A14,30A14-8-LPC-60171-11011-H-01,200,unset,50,60,0,0
30A14,30A14-8-LPC-60172-11011-H-01,200,unset,50,60,0,0
30A14,30A14-4-LPC-60173-11011-H-01,100,unset,50,30,0,0
30A14,30A14-4-LPC-60122-11011-H-01,100,unset,50,60,0,0
30A15,30A15-4-BFW-10607-61261-H-01,100,unset,50,60,0,0
30A15,30A15-4-BFW-10528-61261-H-01,100,unset,50,60,0,0
30A15,30A15-8-HPC-10513-31011-H-01,200,unset,50,60,0,0
30A15,30A15-36-P-10305-33086-H-01,900,unset,50,60,0,0
30A15,30A15-4-HPC-10409-31011-H-01,100,unset,50,60,0,0
30A15,30A15-3-HPC-10409-61011-H-10,80,unset,50,60,0,0
30A15,30A15-2-HPC-10408-61011-H-01,50,unset,50,60,0,0
30A15,30A15-3-HPC-10611-61261-H-01,80,unset,50,60,0,0
30A15,30A15-30-P-10301-32011-H-01,750,unset,50,60,0,0
30A15,30A15-6-HPC-10630-11261-H-01,150,unset,50,60,0,0
30A15,30A15-4-BFW-10612-61261-H-01,100,unset,50,60,0,0
30A15,30A15-8-MPS-10616-11261-H-01,200,unset,50,60,0,0
30A15,30A15-10-MPS-90225-11261-H-01,250,unset,50,60,0,0
30A15,30A15-8-MPS-10618-11261-H-01,200,unset,50,60,0,0
30A15,30A15-10-MPS-10610-11001-P-01,250,unset,50,60,0,0
30A15,30A15-8-MPS-10614-11261-H-01,200,unset,50,60,0,0
30A15,30A15-10-MPS-10609-11001-P-01,250,unset,50,60,0,0
30A15,30A15-6-BFW-60134-61261-H-01,150,unset,50,60,0,0
30A15,30A15-4-BWF-10625-91011-H,100,unset,50,60,0,0
30A15,30A15-6-MPC-10603-31011-H-01,150,unset,50,60,0,0
30A15,30A15-3-BFW-10624-91011-H,150,unset,50,30,0,0
30A15,30A15-4-MPC-10605-31011-H-01,100,unset,50,60,0,0
30A15,30A15-8-LPC-10629-11011-H-01,200,unset,0,60,0,0
30A15,30A15-8-LPC-10608-11011-H-01,200,unset,50,60,0,0
30A15,30A15-6-ETH-00102-33081-D-01,150,unset,50,60,0,0
30A15,30A15-6-ETH-10108-33081-D-01,150,unset,50,60,0,0
30A15,30A15-6-ETH-10103-33081-D-01,150,unset,50,60,0,0
30A15,30A15-4-ETH-10105-33081-D-01,100,unset,50,60,0,0
30A15,30A15-6-FV-10127-11002KS-01,0,unset,50,60,0,0
30A15,30A15-6-OX-00101-33081-01,150,unset,50,60,0,0
30A15,30A15-2-CH4-10123-11001,50,unset,50,30,0,0
30A15,30A15-2-CH4-00102-11001,50,unset,50,30,0,0
30A15,30A15-2-NIH-00211-61011-01,50,unset,50,30,0,0
30A15,30A15-6-ETH-10110-33081-D-01,150,unset,50,60,0,0
30A15,30A15-6-FLARE-13081,150,unset,50,30,0,0
30A15,30A15-6-ETH-10134-33081-D-01,150,unset,50,60,0,0
30A15,30A15-6-OX-10208-33081-01,150,unset,50,60,0,0
30A15,30A15-36-P-10601-33055-H-01,900,unset,50,60,0,0
30A15,30A15-6-ETH-10102-33081-D-01,150,unset,50,60,0,0
30A15,30A15-4-NIH-10217-63081-01,100,unset,50,60,0,0
30A15,30A15-3-NIH-10218-63081-01,80,unset,50,60,0,0
30A15,30A15-1-NIH-10214-63081,25,unset,50,30,0,0
30A15,30A15-1_1/2-NIH-10216-63081-01,150,unset,50,30,0,0
30A15,30A15-3-NIH-10222-11001-01,150,unset,50,60,0,0
30A15,30A15-4-OX-10207-36022-01,100,unset,50,60,0,0
30A15,30A15-4-OX-10206-36022-01,100,unset,50,60,0,0
30A15,30A15-4-NIH-10213-63081-01,100,unset,50,60,0,0
30A15,30A15-6-NIH-10221-11001-01,150,unset,50,60,0,0
30A15,30A15-3-EC-10319-13081-01,80,unset,50,30,0,0
30A15,30A15-3-EC-10311-33081-01,80,unset,50,60,0,0
30A15,30A15-1-EC-10322-33081-01,80,unset,50,60,0,0
30A15,30A15-2-EC-10326-33081,50,unset,50,60,0,0
30A15,30A15-4-FV-10327-11042-01,100,unset,50,60,0,0
30A15,30A15-2-EC-10324-33081-01,50,unset,50,60,0,0
30A15,30A15-4-FV-10328-11042-01,100,unset,50,60,0,0
30A15,30A15-11/2-10215-63081,40,unset,50,30,0,0
30A15,30A15-8-MPS-10613-11261-H-01,250,unset,50,60,0,0
30A15,30A15-8-MPS-10620-11261-H-01,250,unset,50,60,0,0
30A15,30A15-10-MPS-10619-11001-P-01,250,unset,50,60,0,0
30A15,30A15-10-MPS-10621-11001-P-01,250,unset,50,60,0,0
30A15,30A15-6-P-10401-32011-01,150,unset,50,60,0,0
30A15,30A15-8-P-10406-11001-P-01,200,unset,50,60,0,0
30A15,30A15-4-NIL-60501-11001-01,100,unset,50,60,0,0
30A15,30A15-3-NIL-60518-11001-01,80,unset,50,30,0,0
30A15,30A15-3-NIL-60516-11001-01,80,unset,50,30,0,0
30A15,30A15-4-NIL-60519-11001-01,100,unset,50,60,0,0
30A15,30A15-4-NIL-60517-11001-01,100,unset,50,60,0,0
30A15,30RK1-4-ETH-00115-33081-D-01,100,unset,50,60,0,0
30A15,30A15-4-ETH-00114-33081-D-01,100,unset,50,60,0,0
30A15,30A15-4-ETH-00116-33081-D-01,100,unset,50,60,0,0
30A15,30A15-8-FV-00110-11002KS-01,100,unset,50,60,0,0
30A15,30A15-8-FV-00105-11002KS-01,100,unset,50,60,0,0
30A15,30A15-12-P-20215-13081-H-01,300,unset,50,60,0,0
30A15,30A15-12-MPS-90229-11001-H-01,250,unset,50,60,0,0
30A15,30A15-10-MPS-90226-11261-H-01,250,unset,50,60,0,0
30A15,30A15-12-MPS-90230-11001-P-01,250,unset,50,60,0,0
30A15,30A15-20-HPC-10515-61011-H-01,500,unset,50,60,0,0
30A15,30A15-6-HPS-90105-31261-H-01,150,unset,50,60,0,0
30A15,30A15-6-HPS-90107-31261-H-01,150,unset,50,60,0,0
30A15,30A15-6-HPS-90106-11001-P-01,150,unset,50,60,0,0
30A15,30A15-6-HPS-90108-11001-P-01,150,unset,50,60,0,0
30A15,30A15-20-HPC-10514-61011-H-01,500,unset,50,60,0,0
30A15,30A15-1-OX-10209-36022,25,unset,50,30,0,0
30A15,30A15-12-HPC-10516-61011-H-01,300,unset,50,60,0,0
30A15,30A15-8-LPC-10629-11011-H-02,200,unset,50,60,0,0
30A15,30A15-2-NIH-10212-63081-01,50,unset,0,30,0,0
30A15,30A15-2-NIH-10223-63081-01,50,unset,0,60,0,0
30A15,30A15-2-NIH-10211-61011-01,50,unset,0,60,0,0
30A15,30A15-2-NIM-10205-31011-01,50,unset,0,60,0,0
30A15,30A15-2-NIL-10203-11001-01,50,unset,0,30,0,0
30A15,30A15-2-NIM-10228-31011-01,50,unset,0,30,0,0
30A15,30A15-1.5-NIM-10229-31011-01,40,unset,0,60,0,0
30A15,30A15-1.5-NIM-10230-31011-01,40,unset,0,60,0,0
30A15,30A15-3-NIH-10227-11001-01,80,unset,0,30,0,0
30A15,30A15-3-NIH-10226-11001-01,80,unset,0,30,0,0
30A15,30A15-1-NIM-10236-33081-01,25,unset,0,60,0,0
30A15,30A15-1-NIM-10204-31011-01,25,unset,0,30,0,0
30A15,30A15-1.5-EC-10309-33081-01,40,unset,0,30,0,0
30A15,30A15-30-P-10329-32011-H-01,750,unset,0,60,0,0
30A15,30A15-36-P-10306-32011-H-01,900,unset,50,60,0,0
30A15,30A15-6-HPC-10518-61011-H-01,150,unset,50,60,0,0
30A15,30A15-4-BFW-10628-61261-H-01,100,unset,0,60,0,0
30A15,30A15-30-P-20105-31042-H-01,750,unset,0,60,0,0
30A15,30A15-2-DRAIN-M-3001,50,unset,0,60,0,0
30A15,30A15-20-MPC-10602-31011-H-01,500,unset,50,60,0,0
30A15,30A15-36-P-10402-33055-H-01,900,unset,50,60,0,0
30A15,30A15-20-MPS-10615-31261-H-01,500,unset,50,60,0,0
30A15,30A15-10-MPS-10622-11261-H-01,250,unset,50,60,0,0
90A11,90A11-6-CAB-20505-11042-W,150,unset,50,30,0,0
90A11,90A11-4-CAB-20506-11042-W,100,unset,50,30,0,0
90A11,90A11-4-V-20511-11042,100,unset,50,30,0,0
90A11,90A11-4-CAB-20501-11042-W,150,unset,50,30,0,0
30RK1,30RK1-6-CHS-60212-11001-C-01,150,unset,50,60,0,0
30RK1,00A11-6-BFW-04521-61261-H,150,unset,50,30,0,0
30RK1,00A11-8-LPS-04523-11261-H,200,unset,50,30,0,0
30RK1,30RK1-8-LPS-00209-11261-H-01,200,unset,50,60,0,0
30RK1,30RK1-6-HPS-00212-91261-H-01,150,unset,50,60,0,0
30RK1,30RK1-1.5-P-20914-13086-H-01,0,unset,0,30,0,0
30RK1,30RK1-10-MPS-60309-11261-H-01,250,unset,50,60,0,0
30RK1,30RK1-4-CWS-60419-13999-01,100,unset,50,60,0,0
30A11,30A11-36-P-20601-31042-H-01,900,unset,50,60,0,0
30A12,30A12-36-P-20908-13086-H-01,0,unset,50,60,0,0
30A12,30A12-2-P-21001-13081-H-01,50,unset,50,30,0,0
30A12,30A12-2-NIL-60505-11001-01,50,unset,50,30,0,0
30A12,30A12-12-P-20907-13086-H-01,300,unset,50,60,0,0
30A12,30A12-2-LPC-60176-11011-H,50,unset,50,30,0,0
30A12,30A12-4-MPS-90206-11261-H-01,100,unset,50,60,0,0
30A12,30A12-4-MPS-90231-11261-H-01,100,unset,50,60,0,0
30A12,30A12-10-CAB-20110-31042-H-01,250,unset,50,60,0,0
30A12,30A12-10-CAB-20109-31042-H-01,250,unset,50,60,0,0
30A12,30A12-4-MPS-90208-11261-H-01,100,unset,50,60,0,0
30A12,30A12-4-P-20710-33086-01,100,unset,50,60,0,0
30A12,30A12-8-P-21005-13451-P-01,200,unset,50,60,0,0
30A12,30A12-8-P-21023-13451-P-01,200,unset,50,60,0,0
30A12,30A12-10-P-21014-11001-P-01,250,unset,50,60,0,0
30A12,30A12-10-P-21024-11001-01,250,unset,50,60,0,0
30A12,30A12-20-P-20312-13081-H-01,500,unset,50,60,0,0
30A12,30A12-4-MPC-20330-11011-H-01,100,unset,50,60,0,0
30A12,30A12-8-P-20311-13081-H-01,200,unset,50,60,0,0
30A12,30A12-10-P-20310-13081-H-01,350,unset,50,60,0,0
30A12,30A12-1.5-LPS-20924-11001-H-01,40,unset,50,30,0,0
30A12,30A12-14-P-20327-13081-H-01,350,unset,50,60,0,0
30A12,30A12-4-P-21017-13451-H-01,100,unset,50,60,0,0
30A12,30A12-3-LPS-90214-11261-H-01,80,unset,50,60,0,0
30A12,30A12-4-MPS-92206-11261-H,100,unset,50,30,0,0
30A12,30A12-12-CAB-20323-31042-IT-01,300,unset,50,60,0,0
30A12,30A12-2-CAB-20125-31008-H01,50,unset,50,60,0,0
30A12,30A12-3-CAB-20126-31008-H-01,80,unset,50,60,0,0
30A12,30A12-2-MPC-21013-11011-01,80,unset,50,30,0,0
30A12,30A12-12-CWS-60403-17130-01,300,unset,50,30,0,0
30A12,30A12-12-CWR-20123-17130-01,300,unset,50,30,0,0
30A12,30A12-14-P-20802-33086-H-01,400,unset,50,60,0,0
30A12,30A12-6-P-20813-33086-H-01,150,unset,50,60,0,0
30A12,30A12-2-P-20934-13086-H-01,40,unset,50,30,0,0
30A12,30A12-14-MPS-20935-11261-H-01,300,unset,50,60,0,0
30A12,30A12-14-P-21004-13451-P-01,350,unset,50,60,0,0
30A12,30A12-2-P-20922-13086-H-01,50,unset,50,60,0,0
30A12,30A12-12-CWR-20136-33999-01,300,unset,0,60,0,0
30A12,30A12-12-P-20348-13081-H-01,300,unset,50,60,0,0
30A12,30A12-12-CAB-20313-11042-IT-01,0,unset,50,60,0,0
30A12,30A12-2-P-20355-13081-01,50,unset,50,60,0,0
30A12,30A12-12-CAB-20315-11042-IT-01,300,unset,50,60,0,0
30A12,30A12-10-CAB-20316-34042-H-01,0,unset,50,60,0,0
30A12,30A12-10-CAB-20317-34042-IT-01,0,unset,50,60,0,0
30A12,30A12-6-CAB-20347-11042-IT-01,0,unset,50,60,0,0
30A13,30A13-4-P-30424-11001-01,100,unset,50,60,0,0
30A13,30A14-4-P-30423-13081-01,100,unset,50,60,0,0
30A14,30A14-14-EO-30111-13085-FX-01,350,unset,50,60,0,0
30A14,30A14-6-P-30310-13086-FX-01,150,unset,50,60,0,0
30A14,30A14-6-P-30307-33086-FX-01,150,unset,50,60,0,0
30A14,30A14-6-P-30316-33086-FX-01,150,unset,50,60,0,0
30A14,30A14-18-CHR-60206-11001-C-01,300,unset,50,60,0,0
30A14,30A14-6-P-30216-13085-H-01,150,unset,50,60,0,0
30A14,30A14-4-P-30303-13086-01,150,unset,50,60,0,0
30A14,30A14-6-EO-30136-13085-FX-01,150,unset,50,60,0,0
30A14,30A14-6-EO-30135-13085-FX-01,150,unset,50,60,0,0
30A14,30A14-6-EO-30227-13085-FX-01,150,unset,50,60,0,0
30A14,30A14-18-CHR-60205-11001-C-01,300,unset,50,60,0,0
30A14,30A14-3-EO-30112-13085-FX-01,80,unset,50,60,0,0
30A14,30A14-4-MPS-90202-11261-H-01,100,unset,50,60,0,0
30A14,20A14-6-MPS-60169-11261-H-01,150,unset,50,60,0,0
30A14,30A14-8-P-30223-13085-FX,200,unset,50,60,0,0
30A14,30A14-10-P-30224-11001,250,unset,50,60,0,0
30A14,30A14-8-P-30202-13085-FX,200,unset,50,60,0,0
30A14,30A14-10-P-30203-11001,250,unset,50,60,0,0
30A14,30A14-12-CHR-60230-11001-C-01,300,unset,50,60,0,0
30A14,30a14-2-WW-20407-13081-01,50,unset,50,30,0,0
30A14,30A14-10-CHR-30139-11001-C-01,200,unset,50,60,0,0
30A14,30A14-6-LPS-60129-11261-H-01,150,unset,50,60,0,0
30A14,30A14-12-HPC-10526-61011-H-01,300,unset,0,60,0,0
30A14,30A14-8-HPC-10535-61011-H-01,200,unset,0,60,0,0
30A14,30A14-8-CHR-30140-11001-C-01,200,unset,0,60,0,0
30A14,30A14-18-CHR-60203-11001-C-01,450,unset,50,60,0,0
30A14,30A14-10-HPS-10501-61261-H-01,250,unset,50,60,0,0
30A14,30A14-8-CHR-30138-11001-C-01,200,unset,0,60,0,0
30A14,30A14-10-HPS-10502-61261-H-01,250,unset,50,60,0,0
30A14,30A14-1.5-NIL-30120-13085-FX,40,unset,0,0,0,0
30A14,30A14-10-HPS-10506-61261-H-01,250,unset,50,60,0,0
30A14,30A14-10-CWS-30142-13999,250,unset,0,60,0,0
30A14,30A14-3-WW-20406-13081-01,0,unset,50,60,0,0
30A14,30A14-10-HPS-10523-11001-P-01,250,unset,50,60,0,0
30A14,30A14-3-WW-20418-13081-01,80,unset,50,60,0,0
30A14,30A14-10-HPS-10505-61261-H-01,250,unset,50,60,0,0
30A14,30A14-10-HPS-10522-11011-P-01,250,unset,50,60,0,0
30A14,30A14-8-CHS-60214-11001-C-01,200,unset,50,60,0,0
30A14,30A14-10-CHS-60213-11001-C-01,250,unset,50,60,0,0
30A14,30A14-6-CWR-10532-13999-01,150,unset,50,60,0,0
30A14,30A14-6-CWS-60401-13999-01,150,unset,50,60,0,0
30A14,30A14-2-WW-20407-13081-01,50,unset,50,60,0,0
30A14,30A14-6-P-30305-13086-FX-01,150,unset,50,60,0,0
30A14,30A14-6-P-30313-33086-FX-01,150,unset,50,60,0,0
30A14,30A14-6-P-30306-33086-FX-01,150,unset,50,60,0,0
30A15,30A15-30-P-10304-33086-H-01,750,unset,50,60,0,0
30A15,30A15-4-NIH-10210-63081-01,0,unset,0,60,0,0
30A15,30A15-4-P-30418-31011-H-01,100,unset,50,60,0,0
30A15,30A15-20-HPS-10407-61042-H-01,500,unset,50,60,0,0
30A15,30A15-20-HPC-10519-61011-H-01,500,unset,0,60,0,0
30A11,30A11-1-CWR-21021-13999-01,25,unset,0,30,0,0
30A12,30A12-6-CAB-20319-11042-IT-01,0,unset,50,60,0,0
30A12,30A12-2-P-21025-13081-H-01,50,unset,0,30,0,0
30A12,30A12-1.5-P-20914-13086-H-01,40,unset,50,60,0,0
30A12,30A12-1.5-HEG-21007-13451-IT-01,40,unset,50,30,0,0
30A12,30A12-2-P-20910-13086-H-01,50,unset,50,60,0,0
30A12,30A12-1.5-HEG-21011-13451-IT-01,40,unset,50,30,0,0
30A12,30A12-2-PC-20108-33081-01,50,unset,50,60,0,0
30A12,30A12-3-PC-20213-33081,80,unset,50,30,0,0
30A12,30A12-16-P-20356-13081-H-01,400,unset,50,60,0,0
30A13,30A13-12-HEG-50613-13451-IT-01,300,unset,50,60,0,0
30A13,30A13-6-HEG-50610-13451-H-01,150,unset,50,60,0,0
30A13,30A13-10-HEG-50609-13451-H-01,250,unset,50,60,0,0
30A13,30A13-12-HEG-50625-13451-H-01,250,unset,50,60,0,0
30A13,30A13-12-HEG-50604-13451-IT-01,300,unset,50,60,0,0
30A13,30A13-8-HEG-50621-13451-IT-01,150,unset,50,60,0,0
30A13,30A13-10-HEG-50611-13451-IT-01,250,unset,50,60,0,0
30A13,30A13-10-HEG-50622-13451-IT-01,250,unset,50,60,0,0
30A14,30A14-2-WW-20346-13081-01,50,unset,0,30,0,0
30A14,30A14-6-P-30201-13085-FX-01,150,unset,50,60,0,0
30A14,30A14-10-CWS-60408-17030,250,unset,50,30,0,0
30A14,30A14-6-P-30320-13081-H-01,150,unset,0,60,0,0
30A14,30A14-8-P-30321-11001-P-01,0,unset,0,60,0,0
30A14,30A14-6-LPS-60165-11261-H-01,150,unset,0,60,0,0
30A14,30A14-8-LPC-60151-11011-H-01,200,unset,50,60,0,0
30A14,30A14-8-LPC-60150-11011-H-01,200,unset,50,60,0,0
30A14,30A14-12-CWR-60249-13999-01,300,unset,50,60,0,0
30A14,30A14-12-CWS-60250-13999-01,300,unset,50,60,0,0
30A14,30A14-8-LPS-60167-11261-P-01,200,unset,50,60,0,0
30A14,30A14-8-LPS-60166-11261-P-01,200,unset,50,60,0,0
30A14,30A14-18-CHR-60204-11001-C-01,450,unset,50,60,0,0
